run,stage,frames,total_ms,p50_ms,p95_ms,p99_ms,max_ms
r1-distance-off,1,3545,15002.529,4.198,4.838,5.566,22.461
r1-distance-off,3,3467,15266.452,4.123,6.312,8.372,274.448
r1-distance-off,4,10354,45003.265,4.204,6.036,7.189,11.514
r1-whole-on,1,3530,15005.053,4.211,4.803,5.571,23.258
r1-whole-on,3,1678,15275.735,8.023,13.680,19.643,279.633
r1-whole-on,4,4968,45002.356,8.521,11.968,18.898,23.193
r1-whole-off,1,3538,15000.302,4.210,4.742,5.481,25.174
r1-whole-off,3,1650,15274.815,8.217,13.833,19.652,274.836
r1-whole-off,4,5130,45004.110,8.288,11.361,18.422,21.802
r1-distance-on,1,3541,15002.095,4.193,4.944,5.806,21.806
r1-distance-on,3,3460,15272.697,4.111,6.128,8.708,279.279
r1-distance-on,4,10380,45000.705,4.196,6.107,7.340,9.351
r2-distance-on,1,3431,15003.010,4.216,5.558,6.807,22.169
r2-distance-on,3,3293,15296.170,4.294,6.687,8.907,299.149
r2-distance-on,4,9808,45002.693,4.335,6.592,7.980,52.007
r2-whole-off,1,3436,15001.582,4.232,5.207,6.231,36.123
r2-whole-off,3,1672,15272.839,7.971,13.950,21.399,274.451
r2-whole-off,4,5231,45014.615,8.049,11.401,18.354,24.047
r2-whole-on,1,3573,15000.676,4.164,4.675,5.532,23.195
r2-whole-on,3,1800,15266.930,7.468,12.902,19.239,271.973
r2-whole-on,4,5444,45001.631,7.809,10.635,18.117,26.855
r2-distance-off,1,3588,15004.085,4.161,4.593,5.102,19.748
r2-distance-off,3,3530,15260.457,4.025,6.524,8.174,264.621
r2-distance-off,4,10392,45000.334,4.165,5.798,7.427,11.165
