run,percentile,wall_ms
r1-distance-off,50.0,4.2039
r1-distance-off,51.0,4.2126
r1-distance-off,52.0,4.2209
r1-distance-off,53.0,4.2287
r1-distance-off,54.0,4.2359
r1-distance-off,55.0,4.2431
r1-distance-off,56.0,4.2512
r1-distance-off,57.0,4.2596
r1-distance-off,58.0,4.2687
r1-distance-off,59.0,4.2767
r1-distance-off,60.0,4.2871
r1-distance-off,61.0,4.2949
r1-distance-off,62.0,4.3026
r1-distance-off,63.0,4.3124
r1-distance-off,64.0,4.3212
r1-distance-off,65.0,4.3309
r1-distance-off,66.0,4.3402
r1-distance-off,67.0,4.3499
r1-distance-off,68.0,4.3599
r1-distance-off,69.0,4.3722
r1-distance-off,70.0,4.3847
r1-distance-off,71.0,4.3946
r1-distance-off,72.0,4.4054
r1-distance-off,73.0,4.4223
r1-distance-off,74.0,4.4345
r1-distance-off,75.0,4.45
r1-distance-off,76.0,4.4652
r1-distance-off,77.0,4.48
r1-distance-off,78.0,4.4984
r1-distance-off,79.0,4.5154
r1-distance-off,80.0,4.5347
r1-distance-off,81.0,4.5558
r1-distance-off,82.0,4.5745
r1-distance-off,83.0,4.5981
r1-distance-off,84.0,4.6223
r1-distance-off,85.0,4.6485
r1-distance-off,86.0,4.6814
r1-distance-off,87.0,4.7121
r1-distance-off,88.0,4.7481
r1-distance-off,89.0,4.7932
r1-distance-off,90.0,4.8573
r1-distance-off,91.0,4.9275
r1-distance-off,92.0,5.0313
r1-distance-off,93.0,5.3432
r1-distance-off,94.0,5.7337
r1-distance-off,95.0,6.036
r1-distance-off,96.0,6.2776
r1-distance-off,97.0,6.5269
r1-distance-off,98.0,6.8442
r1-distance-off,99.0,7.1886
r1-distance-off,99.1,7.231
r1-distance-off,99.2,7.3136
r1-distance-off,99.3,7.3559
r1-distance-off,99.4,7.4049
r1-distance-off,99.5,7.488
r1-distance-off,99.6,7.6208
r1-distance-off,99.7,7.81
r1-distance-off,99.8,8.0232
r1-distance-off,99.9,8.3368
r1-distance-off,100.0,11.5141
r1-whole-on,50.0,8.5215
r1-whole-on,51.0,8.5516
r1-whole-on,52.0,8.5835
r1-whole-on,53.0,8.6084
r1-whole-on,54.0,8.6374
r1-whole-on,55.0,8.6702
r1-whole-on,56.0,8.7033
r1-whole-on,57.0,8.7334
r1-whole-on,58.0,8.7708
r1-whole-on,59.0,8.8041
r1-whole-on,60.0,8.8425
r1-whole-on,61.0,8.8683
r1-whole-on,62.0,8.902
r1-whole-on,63.0,8.9451
r1-whole-on,64.0,8.9864
r1-whole-on,65.0,9.0243
r1-whole-on,66.0,9.0767
r1-whole-on,67.0,9.1103
r1-whole-on,68.0,9.1622
r1-whole-on,69.0,9.2053
r1-whole-on,70.0,9.2485
r1-whole-on,71.0,9.2903
r1-whole-on,72.0,9.3353
r1-whole-on,73.0,9.3816
r1-whole-on,74.0,9.4406
r1-whole-on,75.0,9.4985
r1-whole-on,76.0,9.578
r1-whole-on,77.0,9.6421
r1-whole-on,78.0,9.701
r1-whole-on,79.0,9.7678
r1-whole-on,80.0,9.8373
r1-whole-on,81.0,9.8971
r1-whole-on,82.0,9.9827
r1-whole-on,83.0,10.0751
r1-whole-on,84.0,10.1735
r1-whole-on,85.0,10.2539
r1-whole-on,86.0,10.3463
r1-whole-on,87.0,10.4436
r1-whole-on,88.0,10.5545
r1-whole-on,89.0,10.6929
r1-whole-on,90.0,10.7878
r1-whole-on,91.0,11.0029
r1-whole-on,92.0,11.1562
r1-whole-on,93.0,11.3266
r1-whole-on,94.0,11.659
r1-whole-on,95.0,11.9681
r1-whole-on,96.0,12.5227
r1-whole-on,97.0,16.0084
r1-whole-on,98.0,17.8544
r1-whole-on,99.0,18.8977
r1-whole-on,99.1,18.9621
r1-whole-on,99.2,19.1492
r1-whole-on,99.3,19.4421
r1-whole-on,99.4,19.6449
r1-whole-on,99.5,19.9538
r1-whole-on,99.6,20.1884
r1-whole-on,99.7,20.4552
r1-whole-on,99.8,21.0525
r1-whole-on,99.9,21.6842
r1-whole-on,100.0,23.1927
r1-whole-off,50.0,8.2878
r1-whole-off,51.0,8.3205
r1-whole-off,52.0,8.3502
r1-whole-off,53.0,8.3749
r1-whole-off,54.0,8.4053
r1-whole-off,55.0,8.4301
r1-whole-off,56.0,8.4545
r1-whole-off,57.0,8.4829
r1-whole-off,58.0,8.5103
r1-whole-off,59.0,8.5339
r1-whole-off,60.0,8.5652
r1-whole-off,61.0,8.5948
r1-whole-off,62.0,8.6211
r1-whole-off,63.0,8.655
r1-whole-off,64.0,8.6791
r1-whole-off,65.0,8.7184
r1-whole-off,66.0,8.7586
r1-whole-off,67.0,8.804
r1-whole-off,68.0,8.8469
r1-whole-off,69.0,8.8815
r1-whole-off,70.0,8.9186
r1-whole-off,71.0,8.9615
r1-whole-off,72.0,9.005
r1-whole-off,73.0,9.0433
r1-whole-off,74.0,9.0854
r1-whole-off,75.0,9.1313
r1-whole-off,76.0,9.1751
r1-whole-off,77.0,9.2303
r1-whole-off,78.0,9.279
r1-whole-off,79.0,9.3329
r1-whole-off,80.0,9.3848
r1-whole-off,81.0,9.466
r1-whole-off,82.0,9.5312
r1-whole-off,83.0,9.6083
r1-whole-off,84.0,9.6814
r1-whole-off,85.0,9.7632
r1-whole-off,86.0,9.8487
r1-whole-off,87.0,9.9654
r1-whole-off,88.0,10.0728
r1-whole-off,89.0,10.216
r1-whole-off,90.0,10.3605
r1-whole-off,91.0,10.4971
r1-whole-off,92.0,10.6596
r1-whole-off,93.0,10.8269
r1-whole-off,94.0,11.0695
r1-whole-off,95.0,11.3611
r1-whole-off,96.0,11.9249
r1-whole-off,97.0,15.7472
r1-whole-off,98.0,17.3847
r1-whole-off,99.0,18.4218
r1-whole-off,99.1,18.5659
r1-whole-off,99.2,18.8045
r1-whole-off,99.3,18.935
r1-whole-off,99.4,19.105
r1-whole-off,99.5,19.283
r1-whole-off,99.6,19.4876
r1-whole-off,99.7,19.9197
r1-whole-off,99.8,20.3465
r1-whole-off,99.9,21.064
r1-whole-off,100.0,21.8023
r1-distance-on,50.0,4.1958
r1-distance-on,51.0,4.2021
r1-distance-on,52.0,4.2099
r1-distance-on,53.0,4.218
r1-distance-on,54.0,4.2265
r1-distance-on,55.0,4.2336
r1-distance-on,56.0,4.2418
r1-distance-on,57.0,4.2501
r1-distance-on,58.0,4.2583
r1-distance-on,59.0,4.2664
r1-distance-on,60.0,4.2752
r1-distance-on,61.0,4.283
r1-distance-on,62.0,4.2912
r1-distance-on,63.0,4.3007
r1-distance-on,64.0,4.3105
r1-distance-on,65.0,4.3208
r1-distance-on,66.0,4.3282
r1-distance-on,67.0,4.339
r1-distance-on,68.0,4.3491
r1-distance-on,69.0,4.3595
r1-distance-on,70.0,4.3701
r1-distance-on,71.0,4.3811
r1-distance-on,72.0,4.3931
r1-distance-on,73.0,4.4059
r1-distance-on,74.0,4.4194
r1-distance-on,75.0,4.4325
r1-distance-on,76.0,4.4476
r1-distance-on,77.0,4.4621
r1-distance-on,78.0,4.4776
r1-distance-on,79.0,4.4942
r1-distance-on,80.0,4.5134
r1-distance-on,81.0,4.5332
r1-distance-on,82.0,4.5558
r1-distance-on,83.0,4.575
r1-distance-on,84.0,4.5975
r1-distance-on,85.0,4.6283
r1-distance-on,86.0,4.6592
r1-distance-on,87.0,4.6957
r1-distance-on,88.0,4.7313
r1-distance-on,89.0,4.777
r1-distance-on,90.0,4.8393
r1-distance-on,91.0,4.9271
r1-distance-on,92.0,5.0435
r1-distance-on,93.0,5.3193
r1-distance-on,94.0,5.8296
r1-distance-on,95.0,6.1071
r1-distance-on,96.0,6.3907
r1-distance-on,97.0,6.6462
r1-distance-on,98.0,6.9781
r1-distance-on,99.0,7.3402
r1-distance-on,99.1,7.36
r1-distance-on,99.2,7.426
r1-distance-on,99.3,7.4744
r1-distance-on,99.4,7.5589
r1-distance-on,99.5,7.6312
r1-distance-on,99.6,7.6803
r1-distance-on,99.7,7.871
r1-distance-on,99.8,8.0248
r1-distance-on,99.9,8.217
r1-distance-on,100.0,9.351
r2-distance-on,50.0,4.3346
r2-distance-on,51.0,4.3427
r2-distance-on,52.0,4.3507
r2-distance-on,53.0,4.3596
r2-distance-on,54.0,4.3697
r2-distance-on,55.0,4.3788
r2-distance-on,56.0,4.3898
r2-distance-on,57.0,4.4006
r2-distance-on,58.0,4.4095
r2-distance-on,59.0,4.4198
r2-distance-on,60.0,4.4316
r2-distance-on,61.0,4.4423
r2-distance-on,62.0,4.4533
r2-distance-on,63.0,4.4643
r2-distance-on,64.0,4.4775
r2-distance-on,65.0,4.4923
r2-distance-on,66.0,4.5093
r2-distance-on,67.0,4.5215
r2-distance-on,68.0,4.5341
r2-distance-on,69.0,4.5478
r2-distance-on,70.0,4.5633
r2-distance-on,71.0,4.5781
r2-distance-on,72.0,4.5926
r2-distance-on,73.0,4.6101
r2-distance-on,74.0,4.6289
r2-distance-on,75.0,4.6473
r2-distance-on,76.0,4.6697
r2-distance-on,77.0,4.6892
r2-distance-on,78.0,4.7168
r2-distance-on,79.0,4.7464
r2-distance-on,80.0,4.7729
r2-distance-on,81.0,4.8027
r2-distance-on,82.0,4.8373
r2-distance-on,83.0,4.8714
r2-distance-on,84.0,4.9193
r2-distance-on,85.0,4.9694
r2-distance-on,86.0,5.0327
r2-distance-on,87.0,5.1043
r2-distance-on,88.0,5.1809
r2-distance-on,89.0,5.2824
r2-distance-on,90.0,5.3856
r2-distance-on,91.0,5.5332
r2-distance-on,92.0,5.7443
r2-distance-on,93.0,5.9958
r2-distance-on,94.0,6.2831
r2-distance-on,95.0,6.5921
r2-distance-on,96.0,6.8659
r2-distance-on,97.0,7.1689
r2-distance-on,98.0,7.4978
r2-distance-on,99.0,7.9801
r2-distance-on,99.1,8.0241
r2-distance-on,99.2,8.1178
r2-distance-on,99.3,8.1813
r2-distance-on,99.4,8.3068
r2-distance-on,99.5,8.4762
r2-distance-on,99.6,8.6414
r2-distance-on,99.7,9.0846
r2-distance-on,99.8,9.8233
r2-distance-on,99.9,29.0939
r2-distance-on,100.0,52.0069
r2-whole-off,50.0,8.0493
r2-whole-off,51.0,8.0681
r2-whole-off,52.0,8.096
r2-whole-off,53.0,8.1277
r2-whole-off,54.0,8.1573
r2-whole-off,55.0,8.1866
r2-whole-off,56.0,8.2123
r2-whole-off,57.0,8.2439
r2-whole-off,58.0,8.2812
r2-whole-off,59.0,8.3079
r2-whole-off,60.0,8.3366
r2-whole-off,61.0,8.365
r2-whole-off,62.0,8.4009
r2-whole-off,63.0,8.4425
r2-whole-off,64.0,8.4803
r2-whole-off,65.0,8.5316
r2-whole-off,66.0,8.566
r2-whole-off,67.0,8.6049
r2-whole-off,68.0,8.6549
r2-whole-off,69.0,8.6984
r2-whole-off,70.0,8.7425
r2-whole-off,71.0,8.7954
r2-whole-off,72.0,8.8537
r2-whole-off,73.0,8.8998
r2-whole-off,74.0,8.9508
r2-whole-off,75.0,9.0088
r2-whole-off,76.0,9.0708
r2-whole-off,77.0,9.1226
r2-whole-off,78.0,9.1939
r2-whole-off,79.0,9.2531
r2-whole-off,80.0,9.318
r2-whole-off,81.0,9.3876
r2-whole-off,82.0,9.4744
r2-whole-off,83.0,9.5385
r2-whole-off,84.0,9.6394
r2-whole-off,85.0,9.7328
r2-whole-off,86.0,9.8168
r2-whole-off,87.0,9.9054
r2-whole-off,88.0,9.9998
r2-whole-off,89.0,10.1341
r2-whole-off,90.0,10.272
r2-whole-off,91.0,10.4226
r2-whole-off,92.0,10.6338
r2-whole-off,93.0,10.7927
r2-whole-off,94.0,11.079
r2-whole-off,95.0,11.4006
r2-whole-off,96.0,12.0598
r2-whole-off,97.0,15.8391
r2-whole-off,98.0,17.0133
r2-whole-off,99.0,18.3538
r2-whole-off,99.1,18.4386
r2-whole-off,99.2,18.6077
r2-whole-off,99.3,18.7804
r2-whole-off,99.4,18.8679
r2-whole-off,99.5,19.0059
r2-whole-off,99.6,19.2026
r2-whole-off,99.7,19.6283
r2-whole-off,99.8,20.1566
r2-whole-off,99.9,20.763
r2-whole-off,100.0,24.0471
r2-whole-on,50.0,7.8088
r2-whole-on,51.0,7.833
r2-whole-on,52.0,7.8529
r2-whole-on,53.0,7.8777
r2-whole-on,54.0,7.9014
r2-whole-on,55.0,7.93
r2-whole-on,56.0,7.9572
r2-whole-on,57.0,7.9833
r2-whole-on,58.0,8.0116
r2-whole-on,59.0,8.0401
r2-whole-on,60.0,8.0667
r2-whole-on,61.0,8.0914
r2-whole-on,62.0,8.1214
r2-whole-on,63.0,8.1488
r2-whole-on,64.0,8.1722
r2-whole-on,65.0,8.1986
r2-whole-on,66.0,8.2335
r2-whole-on,67.0,8.2682
r2-whole-on,68.0,8.3035
r2-whole-on,69.0,8.3461
r2-whole-on,70.0,8.3803
r2-whole-on,71.0,8.4235
r2-whole-on,72.0,8.4575
r2-whole-on,73.0,8.495
r2-whole-on,74.0,8.5358
r2-whole-on,75.0,8.5745
r2-whole-on,76.0,8.6215
r2-whole-on,77.0,8.6577
r2-whole-on,78.0,8.706
r2-whole-on,79.0,8.7515
r2-whole-on,80.0,8.7976
r2-whole-on,81.0,8.8427
r2-whole-on,82.0,8.8995
r2-whole-on,83.0,8.9707
r2-whole-on,84.0,9.0204
r2-whole-on,85.0,9.0928
r2-whole-on,86.0,9.1756
r2-whole-on,87.0,9.272
r2-whole-on,88.0,9.3548
r2-whole-on,89.0,9.4545
r2-whole-on,90.0,9.5429
r2-whole-on,91.0,9.6584
r2-whole-on,92.0,9.8047
r2-whole-on,93.0,10.0074
r2-whole-on,94.0,10.297
r2-whole-on,95.0,10.6354
r2-whole-on,96.0,11.3836
r2-whole-on,97.0,15.5277
r2-whole-on,98.0,17.085
r2-whole-on,99.0,18.1168
r2-whole-on,99.1,18.3242
r2-whole-on,99.2,18.5143
r2-whole-on,99.3,18.627
r2-whole-on,99.4,18.8477
r2-whole-on,99.5,18.9981
r2-whole-on,99.6,19.6098
r2-whole-on,99.7,20.0083
r2-whole-on,99.8,20.3286
r2-whole-on,99.9,20.8357
r2-whole-on,100.0,26.8553
r2-distance-off,50.0,4.1646
r2-distance-off,51.0,4.1722
r2-distance-off,52.0,4.1809
r2-distance-off,53.0,4.1897
r2-distance-off,54.0,4.1975
r2-distance-off,55.0,4.2065
r2-distance-off,56.0,4.2168
r2-distance-off,57.0,4.2249
r2-distance-off,58.0,4.2336
r2-distance-off,59.0,4.2442
r2-distance-off,60.0,4.2538
r2-distance-off,61.0,4.2622
r2-distance-off,62.0,4.2729
r2-distance-off,63.0,4.2831
r2-distance-off,64.0,4.2926
r2-distance-off,65.0,4.3022
r2-distance-off,66.0,4.3139
r2-distance-off,67.0,4.3256
r2-distance-off,68.0,4.3376
r2-distance-off,69.0,4.351
r2-distance-off,70.0,4.362
r2-distance-off,71.0,4.3786
r2-distance-off,72.0,4.3923
r2-distance-off,73.0,4.4073
r2-distance-off,74.0,4.4192
r2-distance-off,75.0,4.4356
r2-distance-off,76.0,4.4516
r2-distance-off,77.0,4.4685
r2-distance-off,78.0,4.4885
r2-distance-off,79.0,4.5113
r2-distance-off,80.0,4.5316
r2-distance-off,81.0,4.5533
r2-distance-off,82.0,4.5815
r2-distance-off,83.0,4.6078
r2-distance-off,84.0,4.6351
r2-distance-off,85.0,4.6736
r2-distance-off,86.0,4.7088
r2-distance-off,87.0,4.7601
r2-distance-off,88.0,4.8135
r2-distance-off,89.0,4.8795
r2-distance-off,90.0,4.9669
r2-distance-off,91.0,5.0551
r2-distance-off,92.0,5.1813
r2-distance-off,93.0,5.3196
r2-distance-off,94.0,5.5228
r2-distance-off,95.0,5.7981
r2-distance-off,96.0,6.2378
r2-distance-off,97.0,6.5989
r2-distance-off,98.0,6.8926
r2-distance-off,99.0,7.4271
r2-distance-off,99.1,7.4873
r2-distance-off,99.2,7.5392
r2-distance-off,99.3,7.6438
r2-distance-off,99.4,7.6984
r2-distance-off,99.5,7.8258
r2-distance-off,99.6,7.9454
r2-distance-off,99.7,8.1126
r2-distance-off,99.8,8.3052
r2-distance-off,99.9,8.5793
r2-distance-off,100.0,11.1646
