run,scope,metric,count,p50,p95,p99,max,worst_id,generation
r1-whole-on,full,creature_first_visit_us,539,244147,492049,492250,502884,0,1
r1-whole-on,full,creature_online_to_client_us,500,1764039,4162784,4415284,4496685,34771,1
r1-whole-on,full,creature_revisit_us,1570702,24270,39028,48292,2039206,6302,1
r1-whole-on,full,evaluation_update_gap,3147096,3,4,4,13,34771,1
r1-whole-on,full,first_visit_us,823,467902,492348,492422,502884,0,1
r1-whole-on,full,online_to_client_us,781,1815812,3971977,4387269,4496685,34771,1
r1-whole-on,full,revisit_us,3146273,21764,37734,46322,2039206,6302,1
r1-whole-on,warm,creature_revisit_us,830717,26854,40816,47584,64876,33920,1
r1-whole-on,warm,evaluation_update_gap,1274703,3,4,4,5,34771,1
r1-whole-on,warm,first_visit_us,3,12433,20421,20421,20421,32971,1
r1-whole-on,warm,revisit_us,1274700,26890,40802,47492,64876,33920,1
r1-distance-on,full,creature_first_visit_us,551,190545,398778,398951,407993,0,1
r1-distance-on,full,creature_online_to_client_us,132,545764,1722805,1804016,1862104,33280,1
r1-distance-on,full,creature_revisit_us,2804025,12726,17921,20532,1946378,6315,1
r1-distance-on,full,evaluation_update_gap,4975323,3,4,4,6,30186,1
r1-distance-on,full,first_visit_us,832,379643,399191,399255,407993,0,1
r1-distance-on,full,online_to_client_us,408,1726815,1819872,1827259,1862104,33280,1
r1-distance-on,full,revisit_us,4974491,12431,17665,20386,1946378,6315,1
r1-distance-on,warm,creature_first_visit_us,5,7913,7917,7917,7917,5763,1
r1-distance-on,warm,creature_revisit_us,1746837,13280,18202,20424,26553,32448,1
r1-distance-on,warm,evaluation_update_gap,2657563,3,4,4,5,33280,1
r1-distance-on,warm,first_visit_us,5,7913,7917,7917,7917,5763,1
r1-distance-on,warm,revisit_us,2657558,13284,18212,20426,26553,32448,1
r2-distance-on,full,creature_first_visit_us,551,200250,421163,421414,430748,0,1
r2-distance-on,full,creature_online_to_client_us,132,579117,1706876,1794641,1858149,33280,1
r2-distance-on,full,creature_revisit_us,2559758,13550,20229,24940,1885836,6326,1
r2-distance-on,full,evaluation_update_gap,4540516,3,4,5,6,33280,1
r2-distance-on,full,first_visit_us,832,402533,421454,421499,430748,0,1
r2-distance-on,full,online_to_client_us,408,1711047,1813681,1821951,1858149,33280,1
r2-distance-on,full,revisit_us,4539684,13027,19919,24284,1885836,6326,1
r2-distance-on,warm,creature_first_visit_us,5,14386,19358,19358,19358,5760,1
r2-distance-on,warm,creature_revisit_us,1589981,14403,20593,24839,147808,33280,1
r2-distance-on,warm,evaluation_update_gap,2418899,3,4,5,6,33280,1
r2-distance-on,warm,first_visit_us,5,14386,19358,19358,19358,5760,1
r2-distance-on,warm,revisit_us,2418894,14410,20578,24729,147808,33280,1
r2-whole-on,full,creature_first_visit_us,539,225833,444987,445160,453107,0,1
r2-whole-on,full,creature_online_to_client_us,500,1702230,3918518,4189968,4250676,34796,1
r2-whole-on,full,creature_revisit_us,1729207,22162,34660,42737,1987680,6250,1
r2-whole-on,full,evaluation_update_gap,3404581,3,4,4,13,31566,1
r2-whole-on,full,first_visit_us,825,428037,445181,445208,453107,0,1
r2-whole-on,full,online_to_client_us,781,1775195,3763417,4164967,4250676,34796,1
r2-whole-on,full,revisit_us,3403756,20122,33649,41617,1987680,6250,1
r2-whole-on,warm,creature_revisit_us,952040,23790,35587,42775,62661,32366,1
r2-whole-on,warm,evaluation_update_gap,1464007,3,4,4,5,34796,1
r2-whole-on,warm,first_visit_us,5,4271,13058,13058,13058,31873,1
r2-whole-on,warm,revisit_us,1464002,23794,35571,42731,62661,32366,1
