run,scope,kind,creature,count,terminal_count,max_age_us,worst_id,generation,termination,last_flags
r1-whole-on,full,first_visit,False,3783,3328,3975108,29187,1,capture_end,51
r1-whole-on,full,revisit,False,284,284,4045580,32971,1,capture_end,49
r1-whole-on,full,revisit,True,539,529,4056230,32556,1,capture_end,61
r1-whole-on,warm,first_visit,False,39,0,19,32112,1,removed,51
r1-whole-on,warm,revisit,False,284,284,74827,32110,1,window_end,49
r1-whole-on,warm,revisit,True,529,529,83547,17156,1,window_end,61
r1-distance-on,full,first_visit,False,1347,976,568498,29187,1,capture_end,51
r1-distance-on,full,revisit,False,281,281,593466,5692,1,capture_end,17
r1-distance-on,full,revisit,True,551,539,593462,5694,1,capture_end,61
r1-distance-on,warm,first_visit,False,22,0,41,32162,1,left_switch_registry,51
r1-distance-on,warm,revisit,False,281,281,21638,5670,1,window_end,17
r1-distance-on,warm,revisit,True,544,539,25706,31884,1,window_end,61
r2-distance-on,full,first_visit,False,1330,972,627891,29187,1,capture_end,51
r2-distance-on,full,revisit,False,281,281,646049,5670,1,capture_end,17
r2-distance-on,full,revisit,True,551,539,654995,7466,1,capture_end,44
r2-distance-on,warm,first_visit,False,14,0,48,30120,1,left_switch_registry,51
r2-distance-on,warm,revisit,False,281,281,28204,5733,1,window_end,17
r2-distance-on,warm,revisit,True,544,539,28227,5712,1,window_end,44
r2-whole-on,full,first_visit,False,3830,3349,3846291,29187,1,capture_end,51
r2-whole-on,full,revisit,False,286,286,3883533,32681,1,capture_end,49
r2-whole-on,full,revisit,True,539,529,3883675,32358,1,capture_end,61
r2-whole-on,warm,first_visit,False,57,0,15,33127,1,removed,51
r2-whole-on,warm,revisit,False,286,286,43536,6451,1,window_end,17
r2-whole-on,warm,revisit,True,529,529,43470,6539,1,window_end,61
